{"cameraMode":{"drawMode":0,"name":"Shaded","section":"Shading Mode"},"sceneLighting":true,"audioPlay":false,"sceneViewState":{"showFog":true,"showMaterialUpdate":false,"showSkybox":true,"showFlares":true,"showImageEffects":true,"showParticleSystems":true,"showVisualEffectGraphs":true,"m_FxEnabled":true},"in2DMode":false,"pivot":{"x":0.7195806503295898,"y":1.1536345481872559,"z":-9.563156127929688},"rotation":{"x":0.016338014975190164,"y":0.9768307209014893,"z":-0.08077720552682877,"w":0.19780313968658448},"size":17.8724422454834,"orthographic":false}