{"cameraMode":{"drawMode":0,"name":"Shaded","section":"Shading Mode"},"sceneLighting":true,"audioPlay":false,"sceneViewState":{"showFog":true,"showMaterialUpdate":false,"showSkybox":true,"showFlares":true,"showImageEffects":true,"showParticleSystems":true,"showVisualEffectGraphs":true,"m_FxEnabled":true},"in2DMode":false,"pivot":{"x":-0.34281599521636965,"y":0.4163745641708374,"z":1.3392143249511719},"rotation":{"x":0.46454668045043948,"y":0.33887749910354617,"z":-0.19832579791545869,"w":0.7937629818916321},"size":4.239687442779541,"orthographic":true}